{
  "totalAvgCpuInPercent": 2.100133002572298,
  "totalAvgFps": 59.66654155350791,
  "totalAvgRamInMb": 174.16033820779913
}